,0,1
0,WSJ,dory_carrharris
1,WSJ,debsontag
2,WSJ,kkjschmidt
3,WSJ,cli6cli6
4,WSJ,KevinDubouis
5,WSJ,Anthony
6,WSJ,nicnguyen
7,WSJ,RobinKwong
8,WSJ,dory_carrharris
9,WSJ,debsontag
10,WSJ,JasonJedlinski
11,WSJ,lyazel
12,WSJ,kkjschmidt
13,WSJ,cli6cli6
14,WSJ,KevinDubouis
15,WSJ,Anthony
16,WSJ,nicnguyen
17,WSJ,RobinKwong
18,WSJ,dory_carrharris
19,WSJ,debsontag
20,WSJ,JasonJedlinski
21,WSJ,lyazel
22,WSJ,kkjschmidt
23,WSJ,cli6cli6
24,WSJ,KevinDubouis
25,WSJ,Anthony
26,WSJ,nicnguyen
27,WSJ,RobinKwong
28,WSJ,dory_carrharris
29,WSJ,debsontag
30,WSJ,JasonJedlinski
31,WSJ,lyazel
32,WSJ,kkjschmidt
33,WSJ,cli6cli6
34,WSJ,KevinDubouis
35,WSJ,Anthony
36,WSJ,nicnguyen
37,WSJ,RobinKwong
38,WSJ,dory_carrharris
39,WSJ,debsontag
40,WSJ,JasonJedlinski
41,WSJ,lyazel
42,WSJ,kkjschmidt
43,WSJ,cli6cli6
44,WSJ,KevinDubouis
45,WSJ,Anthony
46,WSJ,nicnguyen
47,WSJ,RobinKwong
48,WSJ,dory_carrharris
49,WSJ,debsontag
50,WSJ,JasonJedlinski
51,WSJ,lyazel
52,WSJ,kkjschmidt
53,WSJ,cli6cli6
54,WSJ,KevinDubouis
55,WSJ,Anthony
56,WSJ,nicnguyen
57,WSJ,RobinKwong
58,WSJ,dory_carrharris
59,WSJ,debsontag
60,WSJ,JasonJedlinski
61,WSJ,lyazel
62,WSJ,kkjschmidt
63,WSJ,cli6cli6
64,WSJ,KevinDubouis
65,WSJ,Anthony
66,WSJ,nicnguyen
67,WSJ,RobinKwong
68,WSJ,dory_carrharris
69,WSJ,debsontag
70,WSJ,JasonJedlinski
71,WSJ,lyazel
72,WSJ,kkjschmidt
73,WSJ,cli6cli6
74,WSJ,KevinDubouis
75,WSJ,Anthony
76,WSJ,nicnguyen
77,WSJ,RobinKwong
78,WSJ,dory_carrharris
79,WSJ,debsontag
80,WSJ,JasonJedlinski
81,WSJ,lyazel
82,WSJ,kkjschmidt
83,WSJ,cli6cli6
84,WSJ,KevinDubouis
85,WSJ,Anthony
86,WSJ,nicnguyen
87,WSJ,RobinKwong
88,WSJ,dory_carrharris
89,WSJ,debsontag
90,WSJ,JasonJedlinski
91,WSJ,lyazel
92,WSJ,kkjschmidt
93,WSJ,cli6cli6
94,WSJ,KevinDubouis
95,WSJ,Anthony
96,WSJ,nicnguyen
97,WSJ,RobinKwong
98,WSJ,dory_carrharris
99,WSJ,debsontag
100,WSJ,JasonJedlinski
101,WSJ,lyazel
102,WSJ,kkjschmidt
103,WSJ,cli6cli6
104,WSJ,KevinDubouis
105,WSJ,Anthony
106,WSJ,nicnguyen
107,WSJ,RobinKwong
108,WSJ,dory_carrharris
109,WSJ,debsontag
110,WSJ,JasonJedlinski
111,WSJ,lyazel
112,WSJ,kkjschmidt
113,WSJ,cli6cli6
114,WSJ,KevinDubouis
115,WSJ,Anthony
116,WSJ,nicnguyen
117,WSJ,RobinKwong
118,JasonJedlinski,cbadalamente
119,JasonJedlinski,adamwitwer
120,JasonJedlinski,LEEBEY
121,JasonJedlinski,FairfaxCountyPD
122,JasonJedlinski,RobinKwong
123,JasonJedlinski,rajivpant
124,JasonJedlinski,JennieBaird
125,JasonJedlinski,rosannahkrb
126,JasonJedlinski,murraymatt
127,JasonJedlinski,raminbeheshti1
128,JasonJedlinski,EbonyReed
129,JasonJedlinski,rossfadely
130,JasonJedlinski,louisestory
131,JasonJedlinski,a_zeisler
132,JasonJedlinski,ManiMiri
133,JasonJedlinski,LydiaSerota
134,JasonJedlinski,lyazel
135,JasonJedlinski,srussolillo
136,JasonJedlinski,KevinDubouis
137,JasonJedlinski,cli6cli6
138,JasonJedlinski,Anthony
139,JasonJedlinski,Lars
140,JasonJedlinski,_richardmadden
141,JasonJedlinski,justegerton
142,JasonJedlinski,TeriKWeaver
143,JasonJedlinski,ckrewson
144,JasonJedlinski,natives
145,JasonJedlinski,nataliefranke
146,JasonJedlinski,MariahGenee
147,JasonJedlinski,kimbui
148,JasonJedlinski,tchance121
149,JasonJedlinski,beckybowers
150,JasonJedlinski,jeffsussna
151,JasonJedlinski,noahchestnut
152,JasonJedlinski,WebBarr
153,JasonJedlinski,erikhinton
154,JasonJedlinski,ChrisDonohoe7
155,JasonJedlinski,johnlansing
156,JasonJedlinski,fredsilha
157,JasonJedlinski,sfoneil
158,JasonJedlinski,JuiceboxCA
159,JasonJedlinski,Salafel
160,JasonJedlinski,mattderienzo
161,JasonJedlinski,gkunks
162,JasonJedlinski,alisonzack
163,JasonJedlinski,CraigSilverman
164,JasonJedlinski,IMSAAlumni
165,JasonJedlinski,jesseddy
166,JasonJedlinski,CorySchouten
167,JasonJedlinski,nmdingess
168,JasonJedlinski,MichaelJMilano
169,JasonJedlinski,SocialQPhilip
170,JasonJedlinski,ddewolf
171,JasonJedlinski,_waldy
172,JasonJedlinski,katdowns
173,JasonJedlinski,DougCollinsUX
174,JasonJedlinski,AmyAyako
175,JasonJedlinski,palewire
176,JasonJedlinski,mattbarcomb
177,JasonJedlinski,AppianCIO
178,JasonJedlinski,petekrueger
179,JasonJedlinski,lizkellynelson
180,JasonJedlinski,Bascobert
181,JasonJedlinski,knightfdn
182,JasonJedlinski,DaveMarsey
183,JasonJedlinski,cathypages
184,JasonJedlinski,ffxfirerescue
185,JasonJedlinski,MichaelDWatkins
186,JasonJedlinski,AdrienneNGreen
187,JasonJedlinski,iJoshMabry
188,JasonJedlinski,newmaniese
189,JasonJedlinski,therachel
190,JasonJedlinski,d8a_driven
191,JasonJedlinski,gordonedall
192,JasonJedlinski,sebastianesser
193,JasonJedlinski,zjmurphy
194,JasonJedlinski,dmitryshishkin
195,JasonJedlinski,gjbarb
196,JasonJedlinski,risj_oxford
197,JasonJedlinski,rasmus_kleis
198,JasonJedlinski,erikedmunds
199,JasonJedlinski,AdamWiener
200,JasonJedlinski,barkingd
201,JasonJedlinski,RMBanfield
202,JasonJedlinski,TEGNA
203,JasonJedlinski,juliabeizer
204,JasonJedlinski,barrybutler9
205,JasonJedlinski,stephers25
206,JasonJedlinski,JeffElgie
207,JasonJedlinski,UlrikHaagerup
208,JasonJedlinski,emgollie
209,JasonJedlinski,detailsRising
210,JasonJedlinski,OTBaseballPhoto
211,JasonJedlinski,yelvington
212,JasonJedlinski,pottsmark
213,JasonJedlinski,justinkan
214,JasonJedlinski,johnzeigler
215,JasonJedlinski,chrizbot
216,JasonJedlinski,trisweb
217,JasonJedlinski,jmj
218,lyazel,dory_carrharris
219,lyazel,WSJworld
220,lyazel,RichardRubinDC
221,lyazel,AMartinezWSJ
222,lyazel,lyneka
223,lyazel,ewstephe
224,lyazel,ChipCutter
225,lyazel,elanazak
226,lyazel,a_zeisler
227,lyazel,dimitryleger
228,lyazel,greenermorse
229,lyazel,georgikantchev
230,lyazel,tknakagawa
231,lyazel,kkjschmidt
232,lyazel,CorySchouten
233,lyazel,francescamarief
234,lyazel,WomenAtDJ
235,lyazel,eleanoram
236,lyazel,MarthaH47009713
237,lyazel,Racheldoesstuff
238,lyazel,tchance121
239,lyazel,KellyAyotte
240,lyazel,TinyAtlasQtrly
241,lyazel,ob_blessed38
242,lyazel,srussolillo
243,lyazel,BriefWit
244,lyazel,OH38713001
245,lyazel,sonal_dutt
246,lyazel,brooklynchuck
247,lyazel,qhardy
248,lyazel,barbarachai
249,lyazel,ellenmaguirenyc
250,lyazel,beckybowers
251,lyazel,jessicalustig
252,lyazel,Pylar
253,lyazel,UlsterNY
254,lyazel,williampnicoll
255,lyazel,Yamiche
256,lyazel,JasonJedlinski
257,lyazel,BrianLehrer
258,lyazel,Anthony
259,lyazel,tepingchen
260,lyazel,JoeBiden
261,lyazel,JoannaStern
262,lyazel,prabhanatarajan
263,lyazel,KrisAreche
264,lyazel,stefaniei
265,lyazel,thehill
266,lyazel,AmyDMarcus
267,lyazel,alishasays
268,lyazel,MarkTreyger718
269,lyazel,ninaismeblog
270,lyazel,LAmamma1
271,lyazel,v_solesmith
272,lyazel,marcericlore
273,lyazel,jasonanders
274,lyazel,pics_of_salad
275,lyazel,Naomiimatome
276,lyazel,karagoldin
277,lyazel,familytraveller
278,lyazel,RakiaReynolds
279,lyazel,LesleyPinckney
280,lyazel,Food52
281,lyazel,spiralbound
282,lyazel,MtthwRose
283,lyazel,louisestory
284,lyazel,RobinKwong
285,lyazel,JohnJHarwood
286,lyazel,CNN
287,lyazel,kaitlancollins
288,lyazel,iowadot
289,lyazel,desmoines511
290,lyazel,CarolineSiede
291,lyazel,dacoroman78
292,lyazel,agilbertwriter
293,lyazel,libbycopeland
294,lyazel,LisaJill616
295,lyazel,michaelskiernan
296,lyazel,Tula_Karras
297,lyazel,media_ink
298,lyazel,Potluck
299,lyazel,theskimm
300,lyazel,BruceOrwall
301,lyazel,SueSWSJ
302,lyazel,TheEconomist
303,lyazel,TIME
304,lyazel,jeffstarked
305,lyazel,juliaccarpenter
306,lyazel,GageMiskimen
307,lyazel,poniewozik
308,lyazel,SeniorsLifeMag
309,lyazel,UnsuckDCSchools
310,lyazel,unsuckdcmetro
311,lyazel,BGrueskin
312,lyazel,MiddleSeat
313,lyazel,Delta
314,lyazel,foliomag
315,lyazel,PaulineJBrown
316,lyazel,scottevest
317,lyazel,WINNYC_ORG
318,kkjschmidt,JennaTelesca
319,kkjschmidt,risj_oxford
320,kkjschmidt,gjbarb
321,kkjschmidt,a_zeisler
322,kkjschmidt,lyazel
323,kkjschmidt,srussolillo
324,kkjschmidt,louisestory
325,kkjschmidt,RobinKwong
326,kkjschmidt,AaronLucchetti
327,kkjschmidt,CNBCMakeIt
328,kkjschmidt,bourreelam
329,kkjschmidt,eschow
330,kkjschmidt,johnkrasinski
331,kkjschmidt,anthonydb
332,kkjschmidt,telisdemos
333,kkjschmidt,bencasselman
334,kkjschmidt,WSJbusiness
335,kkjschmidt,Birdyword
336,kkjschmidt,WSJCentralBanks
337,kkjschmidt,NYGovCuomo
338,kkjschmidt,NickTimiraos
339,kkjschmidt,greg_ip
340,kkjschmidt,Neil_Irwin
341,kkjschmidt,CNBC
342,kkjschmidt,FinancialTimes
343,kkjschmidt,andrewrsorkin
344,kkjschmidt,YoYo_Ma
345,kkjschmidt,lestanberry
346,kkjschmidt,eramshaw
347,kkjschmidt,KevinDubouis
348,kkjschmidt,beckybowers
349,kkjschmidt,cli6cli6
350,kkjschmidt,ScrollUK
351,kkjschmidt,Anthony
352,kkjschmidt,BirdCentralPark
353,kkjschmidt,lynsea
354,kkjschmidt,claretoenis
355,kkjschmidt,kbennhold
356,kkjschmidt,mikiebarb
357,kkjschmidt,padmasaysblah
358,kkjschmidt,highmowingseeds
359,kkjschmidt,timberpress
360,kkjschmidt,des_linden
361,kkjschmidt,mikepetroff
362,kkjschmidt,lauraolin
363,kkjschmidt,ACInvestigates
364,kkjschmidt,gg_runs
365,kkjschmidt,staceykgordon
366,kkjschmidt,webmeadow
367,kkjschmidt,mgrocki
368,kkjschmidt,ginatrapani
369,kkjschmidt,yellowicepick
370,kkjschmidt,EricHolder
371,kkjschmidt,SenGillibrand
372,kkjschmidt,usabilityed
373,kkjschmidt,TrumpDraws
374,kkjschmidt,JessViceUX
375,kkjschmidt,altUSEPA
376,kkjschmidt,RoguePOTUSStaff
377,kkjschmidt,AltStateDpt
378,kkjschmidt,VP44
379,kkjschmidt,POTUS44
380,kkjschmidt,ObamaWhiteHouse
381,kkjschmidt,Ob_14849317132
382,kkjschmidt,JoeBiden
383,kkjschmidt,ObamaFoundation
384,kkjschmidt,MichelleObama
385,kkjschmidt,BarackObama
386,kkjschmidt,GOVUK
387,kkjschmidt,DJ44
388,kkjschmidt,RepKClark
389,kkjschmidt,glichfield
390,kkjschmidt,KamalaHarris
391,kkjschmidt,ibmdesign
392,kkjschmidt,IBM
393,kkjschmidt,redsesame
394,kkjschmidt,MikeBloomberg
395,kkjschmidt,shaunking
396,kkjschmidt,MerriamWebster
397,kkjschmidt,codeandtheory
398,kkjschmidt,om
399,kkjschmidt,theskimm
400,kkjschmidt,WHWeb44
401,kkjschmidt,contentrulesinc
402,kkjschmidt,ContentWrangler
403,kkjschmidt,ContentStratAll
404,kkjschmidt,RebeccaDeclares
405,kkjschmidt,scottabel
406,kkjschmidt,kpnichols
407,kkjschmidt,nozurbina
408,kkjschmidt,cleveg
409,kkjschmidt,richardjingram
410,kkjschmidt,emcguane
411,kkjschmidt,glutton4life
412,kkjschmidt,theRSAorg
413,kkjschmidt,alainawiens
414,kkjschmidt,feather
415,kkjschmidt,kerry_anne
416,kkjschmidt,steveportigal
417,kkjschmidt,OldeGoodThings
418,KevinDubouis,joshchin
419,KevinDubouis,paulineeiferman
420,KevinDubouis,FT
421,KevinDubouis,JNBPage
422,KevinDubouis,jarrardcole
423,KevinDubouis,gregory
424,KevinDubouis,ruthmaclean
425,KevinDubouis,Lattif
426,KevinDubouis,KMPensiero
427,KevinDubouis,dory_carrharris
428,KevinDubouis,kkjschmidt
429,KevinDubouis,lyazel
430,KevinDubouis,stefaniei
431,KevinDubouis,SuneEngel
432,KevinDubouis,DionNissenbaum
433,KevinDubouis,DovLieber
434,KevinDubouis,timothywmartin
435,KevinDubouis,FerdiGiugliano
436,KevinDubouis,JChengWSJ
437,KevinDubouis,gpetriglieri
438,KevinDubouis,davidluhnow
439,KevinDubouis,WSJForero
440,KevinDubouis,JoeWSJ
441,KevinDubouis,SoberLook
442,KevinDubouis,MMQWalker
443,KevinDubouis,MrMichaelSpicer
444,KevinDubouis,jasondhorowitz
445,KevinDubouis,SMeichtry
446,KevinDubouis,beckybowers
447,KevinDubouis,Yamiche
448,KevinDubouis,dkiesow
449,KevinDubouis,RGA
450,KevinDubouis,TEDchris
451,KevinDubouis,BGrueskin
452,KevinDubouis,shalini
453,KevinDubouis,joe_palazzolo
454,KevinDubouis,srussolillo
455,KevinDubouis,adriankerr
456,KevinDubouis,BethanyAllenEbr
457,KevinDubouis,HannahPoferl
458,KevinDubouis,liveanthony
459,KevinDubouis,vjeanneperrier
460,KevinDubouis,grvlx001
461,KevinDubouis,grainnemcc
462,KevinDubouis,DeborahAcosta
463,KevinDubouis,yarotrof
464,KevinDubouis,margheritamvs
465,KevinDubouis,parkere
466,KevinDubouis,ceostroff
467,KevinDubouis,bourreelam
468,KevinDubouis,JasonJedlinski
469,KevinDubouis,gefairclough
470,KevinDubouis,AlexLJanin
471,KevinDubouis,CorySchouten
472,KevinDubouis,nicnguyen
473,KevinDubouis,MattNavarra
474,KevinDubouis,Zielina
475,KevinDubouis,neeeda
476,KevinDubouis,BarbaraCochran
477,KevinDubouis,stephaaronson
478,KevinDubouis,LahartJack
479,KevinDubouis,mck_beth
480,KevinDubouis,FinancialTimes
481,KevinDubouis,pietropassarell
482,KevinDubouis,kcwl
483,KevinDubouis,hugolowell
484,KevinDubouis,journalismfest
485,KevinDubouis,pollycurtis
486,KevinDubouis,Raniaab
487,KevinDubouis,zkharazian
488,KevinDubouis,eldacantu
489,KevinDubouis,samwolfson
490,KevinDubouis,EbonyReed
491,KevinDubouis,murraymatt
492,KevinDubouis,sarafischer
493,KevinDubouis,mbrennanchina
494,KevinDubouis,vivian
495,KevinDubouis,Jakeblevin
496,KevinDubouis,ByAlexMarch
497,KevinDubouis,srabil
498,KevinDubouis,NalinaEggert
499,KevinDubouis,bhumikatharoor
500,KevinDubouis,RogerLynch
501,KevinDubouis,azirulnick
502,KevinDubouis,earnestp
503,KevinDubouis,AtallahAmjad
504,KevinDubouis,laurenjsmith
505,KevinDubouis,jamesrbuk
506,KevinDubouis,JaspJackson
507,KevinDubouis,evanchill
508,KevinDubouis,srtalmadge
509,KevinDubouis,CaseyNewton
510,KevinDubouis,RubenSerranoM
511,KevinDubouis,masumaahuja
512,KevinDubouis,CultureTrip
513,KevinDubouis,marclacey
514,KevinDubouis,elanazak
515,KevinDubouis,KathViner
516,KevinDubouis,NewsEdJane
517,KevinDubouis,louisestory
518,Anthony,jessemckinley
519,Anthony,MacWBishop
520,Anthony,Kris_Maher
521,Anthony,jane_seidel
522,Anthony,Tawnell
523,Anthony,sarah_cone
524,Anthony,adamrights
525,Anthony,jtcorrigan
526,Anthony,brendanmoran7
527,Anthony,sabelaojeaguix
528,Anthony,melissadderosa
529,Anthony,mcjomcg
530,Anthony,ethanwsj
531,Anthony,JeanneCummings
532,Anthony,H_Canada
533,Anthony,nixonron
534,Anthony,richardnaz
535,Anthony,KatyStech
536,Anthony,GeraldPorterJr
537,Anthony,DianaElbasha
538,Anthony,ninarobertsnyc
539,Anthony,mtfarnsworth
540,Anthony,andrewvandam
541,Anthony,finneyeric
542,Anthony,Claire
543,Anthony,shanvav
544,Anthony,laurenjsmith
545,Anthony,LukesBeard
546,Anthony,Daniellestein1
547,Anthony,allisonbraley
548,Anthony,AnujChopra
549,Anthony,ChanSteele
550,Anthony,soniasaraiya
551,Anthony,IAmAmnaNawaz
552,Anthony,marinonachison
553,Anthony,ScottNover
554,Anthony,ItsMikeKay
555,Anthony,sarasmunoz
556,Anthony,meghanmpetersen
557,Anthony,deniseduana
558,Anthony,HaleyAVelasco
559,Anthony,dailymissbailey
560,Anthony,MaryRomano6
561,Anthony,MayaBlackstone
562,Anthony,parkere
563,Anthony,lisaannkerr
564,Anthony,becky_malinsky
565,Anthony,matthewsdolan
566,Anthony,rahulkanwal
567,Anthony,KevinTDugan
568,Anthony,mccabe_caitlin
569,Anthony,mhmilliken
570,Anthony,Ike_Saul
571,Anthony,hatr
572,Anthony,AndrewCouts
573,Anthony,Caitlin_McGarry
574,Anthony,davidfg
575,Anthony,BrendanNyhan
576,Anthony,AndrewCraft
577,Anthony,nanditab1
578,Anthony,ChipCutter
579,Anthony,jbinckes
580,Anthony,MiaFarrow
581,Anthony,jennababin
582,Anthony,lowrytom
583,Anthony,shreya_vaidy
584,Anthony,ellenbyron
585,Anthony,sarah_alvi
586,Anthony,austenhufford
587,Anthony,ryan_punzalan
588,Anthony,MarissavanLoon
589,Anthony,DannyGroner
590,Anthony,matthewartus
591,Anthony,pkafka
592,Anthony,JP_Riseborough
593,Anthony,nancyglowinski1
594,Anthony,JenniferPotash
595,Anthony,clarepalo
596,Anthony,AMartinezWSJ
597,Anthony,dory_carrharris
598,Anthony,vipalmonga
599,Anthony,_willparker_
600,Anthony,cdriebusch
601,Anthony,kuriloff
602,Anthony,NicoleFriedman
603,Anthony,AmrithRamkumar
604,Anthony,BenEisen
605,Anthony,GiuliaRozzi
606,Anthony,HowieRose
607,Anthony,KateriJochum
608,Anthony,Neil_Irwin
609,Anthony,FreddiGoldstein
610,Anthony,BostonGlobeMark
611,Anthony,plmrry
612,Anthony,mattsurman4
613,Anthony,BrianCostaWSJ
614,Anthony,Leigh_KC
615,Anthony,David_Batty
616,Anthony,LaurizzleK
617,Anthony,emmatscott
618,nicnguyen,rayalexsmith
619,nicnguyen,yayalexisgay
620,nicnguyen,AmandaLovesSalt
621,nicnguyen,rddysum
622,nicnguyen,joyuwang
623,nicnguyen,AdamTrot
624,nicnguyen,kris10cabrera
625,nicnguyen,amanda_lewellyn
626,nicnguyen,emilybell
627,nicnguyen,cward1e
628,nicnguyen,yarotrof
629,nicnguyen,yunheekim22
630,nicnguyen,KirstenGrind
631,nicnguyen,KathrynDill
632,nicnguyen,BryFitz
633,nicnguyen,jasongay
634,nicnguyen,murraymatt
635,nicnguyen,sarahzhang
636,nicnguyen,jimcarltonsf
637,nicnguyen,signalapp
638,nicnguyen,RolfeWinkler
639,nicnguyen,evanasmith
640,nicnguyen,LiYuan6
641,nicnguyen,vergereviews
642,nicnguyen,kgw
643,nicnguyen,danprimack
644,nicnguyen,EricNewcomer
645,nicnguyen,tomwarren
646,nicnguyen,WomenAtDJ
647,nicnguyen,GenePark
648,nicnguyen,StacyCowley
649,nicnguyen,DoubleLJSquared
650,nicnguyen,SkarSkarSkar
651,nicnguyen,AngelinaXu
652,nicnguyen,HeyAngelica
653,nicnguyen,BowKnowsBiz
654,nicnguyen,CorySchouten
655,nicnguyen,danielas_bot
656,nicnguyen,natebecker
657,nicnguyen,bourreelam
658,nicnguyen,swodinsky
659,nicnguyen,patmcgroarty
660,nicnguyen,codytoshiro
661,nicnguyen,trippmickle
662,nicnguyen,jolingkent
663,nicnguyen,bobmcmillan
664,nicnguyen,georgia_wells
665,nicnguyen,daylenyang
666,nicnguyen,beccalew
667,nicnguyen,ecwollman
668,nicnguyen,inputmag
669,nicnguyen,ShiraOvide
670,nicnguyen,dseetharaman
671,nicnguyen,adrs
672,nicnguyen,intheheights
673,nicnguyen,Lin_Manuel
674,nicnguyen,rubycramer
675,nicnguyen,ashcampagnaa
676,nicnguyen,Trevornoah
677,nicnguyen,dmehro
678,nicnguyen,dellcam
679,nicnguyen,silviakillings
680,nicnguyen,hardin
681,nicnguyen,MacRumors
682,nicnguyen,lmatsakis
683,nicnguyen,aatilley
684,nicnguyen,chrissyfarr
685,nicnguyen,peard33
686,nicnguyen,VitalikButerin
687,nicnguyen,meganrosedickey
688,nicnguyen,ReactionVideos_
689,nicnguyen,zoeSaintBernard
690,nicnguyen,KaceyMusgraves
691,nicnguyen,AllisonPDavis
692,nicnguyen,Strava
693,nicnguyen,chesaboudin
694,nicnguyen,runmarycain
695,nicnguyen,dkos07
696,nicnguyen,rachelzegler
697,nicnguyen,RichMcHugh
698,nicnguyen,livia_ar
699,nicnguyen,clarissajanlim
700,nicnguyen,NickAMarquardt
701,nicnguyen,jenn_elias
702,nicnguyen,schweptaway
703,nicnguyen,itwasntandy
704,nicnguyen,knothacker
705,nicnguyen,JayCarney
706,nicnguyen,GodisRivera
707,nicnguyen,AnnCurry
708,nicnguyen,senari
709,nicnguyen,LaneDeGregory
710,nicnguyen,Katrinabrooker
711,nicnguyen,_blip_
712,nicnguyen,Kileyjournalist
713,nicnguyen,KileyRoache
714,nicnguyen,greene
715,nicnguyen,computerality
716,nicnguyen,GretaThunberg
717,nicnguyen,DanaMattioli
718,debsontag,dory_carrharris
719,debsontag,jessbidgood
720,debsontag,ColumbiaSurgery
721,debsontag,COVID2019action
722,debsontag,hwise29
723,debsontag,johnwilliamsnyt
724,debsontag,DrEricDing
725,debsontag,laurentredding
726,debsontag,AlexLJanin
727,debsontag,EbonyReed
728,debsontag,Anthony
729,debsontag,alv9n
730,debsontag,DeborahAcosta
731,debsontag,nico_gendron
732,debsontag,tylergabriel_
733,debsontag,ricardo_de_anda
734,debsontag,benyt
735,debsontag,a_cormier_
736,debsontag,francescamarief
737,debsontag,Fahrenthold
738,debsontag,TimOBrien
739,debsontag,RepAnnieKuster
740,debsontag,nsbarsky
741,debsontag,elibhager
742,debsontag,newsbridge_io
743,debsontag,Imm_Judges_NAIJ
744,debsontag,DavidOBowles
745,debsontag,lesbrains
746,debsontag,csittenfeld
747,debsontag,ValeriaLuiselli
748,debsontag,AgnesCallamard
749,debsontag,Mikel_Jollett
750,debsontag,BurtVeronica
751,debsontag,EllenChaffee
752,debsontag,OutOfContextMID
753,debsontag,jeffjarvis
754,debsontag,NYTimesAtWar
755,debsontag,DavidColeACLU
756,debsontag,theferocity
757,debsontag,JohnHolbein1
758,debsontag,TangLATimes
759,debsontag,mharwood31
760,debsontag,PaulBMoses
761,debsontag,petermarksdrama
762,debsontag,EVincentelli
763,debsontag,jwbens
764,debsontag,JenGriffinFNC
765,debsontag,DavidVonDrehle
766,debsontag,MairavZ
767,debsontag,Yoga_Journal
768,debsontag,MujMash
769,debsontag,JonathanTurley
770,debsontag,christophclarey
771,debsontag,Gael_Monfils
772,debsontag,GretaThunberg
773,debsontag,matt_cam
774,debsontag,iainoverton
775,debsontag,jaynehuckerby
776,debsontag,SarahKnuckey
777,debsontag,DeborahNArcher
778,debsontag,hamiltonnolan
779,debsontag,greenhousenyt
780,debsontag,taraemcg
781,debsontag,anotheracronym
782,debsontag,MargaretAtwood
783,debsontag,aparnapkin
784,debsontag,YayImmigrants
785,debsontag,NYT_first_said
786,debsontag,AGarcia507
787,debsontag,margeincharge
788,debsontag,gilbertcruz
789,debsontag,aurabogado
790,debsontag,sepinwall
791,debsontag,globaldan
792,debsontag,EricAsimov
793,debsontag,kimseverson
794,debsontag,TransEquality
795,debsontag,mirjordan
796,debsontag,verainstitute
797,debsontag,BreneBrown
798,debsontag,ANNELAMOTT
799,debsontag,Poynter
800,debsontag,factchecknet
801,debsontag,patrickgaley
802,debsontag,IlhanMN
803,debsontag,DetentionWatch
804,debsontag,ImmDefense
805,debsontag,LloydEBennett
806,debsontag,edelman215
807,debsontag,jonathanlambda
808,debsontag,S_Evangelina
809,debsontag,adamgoldmanNYT
810,debsontag,SecNielsen
811,debsontag,NalluPreethi
812,debsontag,cegoldbaum
813,debsontag,immcouncil
814,debsontag,AsteadWesley
815,debsontag,kimmelman
816,debsontag,JeffreyToobin
817,debsontag,JaneMayerNYer
818,cli6cli6,AustinJohnPlays
819,cli6cli6,AcnhDesigns
820,cli6cli6,a_zeisler
821,cli6cli6,rayalexsmith
822,cli6cli6,MultiplayerBF
823,cli6cli6,mattriva
824,cli6cli6,bourreelam
825,cli6cli6,edyong209
826,cli6cli6,WSJMag
827,cli6cli6,nico_gendron
828,cli6cli6,bijanstephen
829,cli6cli6,sheilawsj
830,cli6cli6,CorySchouten
831,cli6cli6,thebryandavis
832,cli6cli6,eschow
833,cli6cli6,RobinKwong
834,cli6cli6,tknakagawa
835,cli6cli6,WSJGraphics
836,cli6cli6,WomenAtDJ
837,cli6cli6,jacobwgallagher
838,cli6cli6,KaylaC
839,cli6cli6,sarahballsy
840,cli6cli6,garyrosenWSJ
841,cli6cli6,lisabannon
842,cli6cli6,eleanorehpark
843,cli6cli6,WSJheard
844,cli6cli6,WSJLife
845,cli6cli6,JasonJedlinski
846,cli6cli6,sabrinabot
847,cli6cli6,SophieWarnes
848,cli6cli6,kkjschmidt
849,cli6cli6,paulvigna
850,cli6cli6,srussolillo
851,cli6cli6,chrisfairbanks
852,cli6cli6,KevinDubouis
853,cli6cli6,louisestory
854,cli6cli6,beckybowers
855,cli6cli6,ChuckWendig
856,cli6cli6,blogwhatever
857,cli6cli6,kelseydangerous
858,cli6cli6,drskyskull
859,cli6cli6,mrcwilso
860,cli6cli6,evesaysso
861,cli6cli6,AndrewYNg
862,cli6cli6,fchollet
863,cli6cli6,jeffk
864,cli6cli6,TheKateMyers
865,cli6cli6,britprawat
866,cli6cli6,Ash_Flowers
867,cli6cli6,CrimeJunkiePod
868,cli6cli6,elliekrupnick
869,cli6cli6,FunnyAsianDude
870,cli6cli6,tinymakesthings
871,cli6cli6,sailorhg
872,cli6cli6,ramaworks
873,cli6cli6,keebio
874,cli6cli6,mintlodica
875,cli6cli6,TonyPanella
876,cli6cli6,TheBloggess
877,cli6cli6,AGoldmund
878,cli6cli6,abexlumberg
879,cli6cli6,PJVogt
880,cli6cli6,lucy_gram
881,cli6cli6,Cande313
882,cli6cli6,mikepriscella
883,cli6cli6,RebeccaPoulson
884,cli6cli6,StefanEtienne
885,cli6cli6,BigBoyler
886,cli6cli6,SimuLiu
887,cli6cli6,madelinebwelsh
888,cli6cli6,AGeekwithaHat
889,cli6cli6,Trevornoah
890,cli6cli6,wangleehom
891,cli6cli6,eyemadequiet
892,cli6cli6,JLeeSoc
893,cli6cli6,nicolesjchung
894,cli6cli6,reappropriate
895,cli6cli6,kaludiasays
896,cli6cli6,taylorndean
897,cli6cli6,KariWrites
898,cli6cli6,juliachanb
899,cli6cli6,mwmoretti
900,cli6cli6,jarrad_tweets
901,cli6cli6,rdmurphy
902,cli6cli6,stockinettest
903,cli6cli6,Billyjensen
904,cli6cli6,PaulHoles
905,cli6cli6,CrimeConHQ
906,cli6cli6,Tiegrabberpods
907,cli6cli6,robin_warder
908,cli6cli6,ginamariepace
909,cli6cli6,Dromm25
910,cli6cli6,DepressedAunty
911,cli6cli6,peep_ebooks
912,cli6cli6,StevenRayMorris
913,cli6cli6,truecrimegarage
914,cli6cli6,forest_fr1ends
915,cli6cli6,xoxo
916,cli6cli6,mipsytipsy
917,cli6cli6,erberriez
918,RobinKwong,WTMMP
919,RobinKwong,SaabiraC
920,RobinKwong,johnbirdswords
921,RobinKwong,TeatroNascosto
922,RobinKwong,GeorgePitcher
923,RobinKwong,MrAndrewCotter
924,RobinKwong,tylergabriel_
925,RobinKwong,Blinkity
926,RobinKwong,rayalexsmith
927,RobinKwong,kkjschmidt
928,RobinKwong,SandraTabares
929,RobinKwong,dnvolz
930,RobinKwong,mckinleyhyden
931,RobinKwong,eliotwb
932,RobinKwong,adamfc
933,RobinKwong,saraheneedleman
934,RobinKwong,kyleykim
935,RobinKwong,RogerWallstreet
936,RobinKwong,RobGMacfarlane
937,RobinKwong,lyazel
938,RobinKwong,Crystal_Tai_
939,RobinKwong,pplotes
940,RobinKwong,Ellie_Austin_
941,RobinKwong,Westyhk
942,RobinKwong,jarrardcole
943,RobinKwong,Josh1Rivera
944,RobinKwong,MarkDiStef
945,RobinKwong,round
946,RobinKwong,_vivngo
947,RobinKwong,itstheannmarie
948,RobinKwong,CorySchouten
949,RobinKwong,xinwenfan
950,RobinKwong,DeborahAcosta
951,RobinKwong,sheilawsj
952,RobinKwong,JasonJedlinski
953,RobinKwong,nico_gendron
954,RobinKwong,noslouch
955,RobinKwong,kris10cabrera
956,RobinKwong,AncaTenea
957,RobinKwong,inkvo
958,RobinKwong,jensmithWSJ
959,RobinKwong,_CreativeAccess
960,RobinKwong,cli6cli6
961,RobinKwong,prabhanatarajan
962,RobinKwong,jjmccorvey
963,RobinKwong,johndstoll
964,RobinKwong,thisisemmazhou
965,RobinKwong,findingannienyc
966,RobinKwong,SerenaNgWSJ
967,RobinKwong,pmichelman
968,RobinKwong,sixtostart
969,RobinKwong,debsontag
970,RobinKwong,DavidClinchNews
971,RobinKwong,MsKimberlyChin
972,RobinKwong,SebAntonioVega
973,RobinKwong,tknakagawa
974,RobinKwong,morisy
975,RobinKwong,AAndriotis
976,RobinKwong,dscasa
977,RobinKwong,ndiakopoulos
978,RobinKwong,shaneshifflett
979,RobinKwong,askParlia
980,RobinKwong,rob_barry
981,RobinKwong,protocol
982,RobinKwong,stuartathompson
983,RobinKwong,andrewphelps
984,RobinKwong,MeeraSelva1
985,RobinKwong,murraymatt
986,RobinKwong,_palanik
987,RobinKwong,MisterOrton
988,RobinKwong,erikholmwsj
989,RobinKwong,bradleyhope
990,RobinKwong,TomWrightAsia
991,RobinKwong,PaulHannon29
992,RobinKwong,OnOurRadar
993,RobinKwong,sigmaawards
994,RobinKwong,WomenAtDJ
995,RobinKwong,georgikantchev
996,RobinKwong,amanda_lewellyn
997,RobinKwong,TravelingAnna
998,RobinKwong,maureenlinke
999,RobinKwong,daphnekylee
1000,RobinKwong,WhimsicaLinds
1001,RobinKwong,stephaaronson
1002,RobinKwong,AllisonPohle
1003,RobinKwong,JamesHookway
1004,RobinKwong,monosynth
1005,RobinKwong,austenhufford
1006,RobinKwong,sestamm
1007,RobinKwong,J_A_Hudson
1008,RobinKwong,RealGoodCenter
1009,RobinKwong,EmilyGlazer
1010,RobinKwong,thrustlondon
1011,RobinKwong,IfYouWillem
1012,RobinKwong,rachael_levy
1013,RobinKwong,BenMullin
1014,RobinKwong,CaroEThompson
1015,RobinKwong,leelonghui
1016,RobinKwong,TimJHanrahan
1017,RobinKwong,smiler29
1018,adamwitwer,DrDenaGrayson
1019,adamwitwer,verainstitute
1020,adamwitwer,MrAndrewCotter
1021,adamwitwer,yashar
1022,adamwitwer,linseymarr
1023,adamwitwer,ScottGottliebMD
1024,adamwitwer,KizzyPhD
1025,adamwitwer,COVID19Tracking
1026,adamwitwer,ASlavitt
1027,adamwitwer,DCist
1028,adamwitwer,chefjoseandres
1029,adamwitwer,katieporteroc
1030,adamwitwer,Yamiche
1031,adamwitwer,clarissaward
1032,adamwitwer,tomaspueyo
1033,adamwitwer,jelani9
1034,adamwitwer,EricaJoy
1035,adamwitwer,nathanattrill
1036,adamwitwer,chr1sa
1037,adamwitwer,NAChristakis
1038,adamwitwer,robinhanson
1039,adamwitwer,rodrigorpaz
1040,adamwitwer,mikeindustries
1041,adamwitwer,anchorlines
1042,adamwitwer,BerniceKing
1043,adamwitwer,rcbregman
1044,adamwitwer,SJWeymouth
1045,adamwitwer,_SJPeace_
1046,adamwitwer,attackerman
1047,adamwitwer,BadAstronomer
1048,adamwitwer,El_Lobo_Rayado
1049,adamwitwer,w0a0i0f
1050,adamwitwer,mekkaokereke
1051,adamwitwer,tobi
1052,adamwitwer,InertialObservr
1053,adamwitwer,nkjemisin
1054,adamwitwer,katherineykwu
1055,adamwitwer,MelMilloway
1056,adamwitwer,DrPoorman
1057,adamwitwer,LHissrich
1058,adamwitwer,aidachavez
1059,adamwitwer,iam_preethi
1060,adamwitwer,hollyotterbein
1061,adamwitwer,anotheracronym
1062,adamwitwer,FastCompany
1063,adamwitwer,BreeNewsome
1064,adamwitwer,ctrlshifti
1065,adamwitwer,minakimes
1066,adamwitwer,KremlinAnnex
1067,adamwitwer,michaelharriot
1068,adamwitwer,KeziyahL
1069,adamwitwer,techgirl1908
1070,adamwitwer,MinaMarkham
1071,adamwitwer,RepRaskin
1072,adamwitwer,JuddLegum
1073,adamwitwer,poppy_northcutt
1074,adamwitwer,SaraGideon
1075,adamwitwer,kartar
1076,adamwitwer,rgay
1077,adamwitwer,TatianaTMac
1078,adamwitwer,nwilliams030
1079,adamwitwer,Ilhan
1080,adamwitwer,IlhanMN
1081,adamwitwer,WNBANationPod
1082,adamwitwer,katiehempenius
1083,adamwitwer,_waleedshahid
1084,adamwitwer,TheAtlantic
1085,adamwitwer,TheWinsidr
1086,adamwitwer,PeteButtigieg
1087,adamwitwer,AndrewYang
1088,adamwitwer,nataliesurely
1089,adamwitwer,HighPostHoops
1090,adamwitwer,SenWarren
1091,adamwitwer,AyannaPressley
1092,adamwitwer,AndreaChalupa
1093,adamwitwer,RepPressley
1094,adamwitwer,AlexMLeo
1095,adamwitwer,designsystemsin
1096,adamwitwer,SashaLaundy
1097,adamwitwer,davidingolcar
1098,adamwitwer,LiamDoyleNBA
1099,adamwitwer,BetoORourke
1100,adamwitwer,LibrariAint
1101,adamwitwer,karaswisher
1102,adamwitwer,craigellis1
1103,adamwitwer,krmaher
1104,adamwitwer,AndrewGillum
1105,adamwitwer,natalieweiner
1106,adamwitwer,ecambage
1107,adamwitwer,rsg
1108,adamwitwer,pocketfullofme
1109,adamwitwer,SydneyAzari
1110,adamwitwer,AdamParkhomenko
1111,adamwitwer,benthompson
1112,adamwitwer,RonanFarrow
1113,adamwitwer,MegMcCloskey
1114,adamwitwer,saladinahmed
1115,adamwitwer,peterdaou
1116,adamwitwer,YoungBullGoods
1117,adamwitwer,DavidCayJ
1118,LEEBEY,KFaulders
1119,LEEBEY,Connellybooks
1120,LEEBEY,ericd1112
1121,LEEBEY,MichelleBernard
1122,LEEBEY,losmond
1123,LEEBEY,RealBillySims
1124,LEEBEY,ArionneNettles
1125,LEEBEY,christianlane01
1126,LEEBEY,DonnaBPierce
1127,LEEBEY,LeighGiangreco
1128,LEEBEY,Anita_Sarah
1129,LEEBEY,ASlavitt
1130,LEEBEY,UIC_UPP
1131,LEEBEY,jon425
1132,LEEBEY,LyonGabrielle
1133,LEEBEY,uicdpa
1134,LEEBEY,UICGCI
1135,LEEBEY,hands83
1136,LEEBEY,larainenewman
1137,LEEBEY,CIAspygirl
1138,LEEBEY,Tara_Windwalker
1139,LEEBEY,nminow
1140,LEEBEY,bmarsalis
1141,LEEBEY,moconnor51
1142,LEEBEY,elliofeliciano
1143,LEEBEY,sarahanneconway
1144,LEEBEY,thesherylralph
1145,LEEBEY,tomhanks
1146,LEEBEY,tnoland1
1147,LEEBEY,WoodsFundChi
1148,LEEBEY,MaggieDaleyPark
1149,LEEBEY,elevated_chi
1150,LEEBEY,TomSchuba
1151,LEEBEY,kimpagenevels
1152,LEEBEY,maridapr
1153,LEEBEY,afrodip
1154,LEEBEY,graciela_606
1155,LEEBEY,jessiefdukes
1156,LEEBEY,Ol_TimeFootball
1157,LEEBEY,PhilipCovin
1158,LEEBEY,lalahhathaway
1159,LEEBEY,TomPelphrey
1160,LEEBEY,nytimes
1161,LEEBEY,chicagotribune
1162,LEEBEY,WGNTV
1163,LEEBEY,ABC7Chicago
1164,LEEBEY,cbschicago
1165,LEEBEY,CharlesMcNulty
1166,LEEBEY,AnnieCostabile
1167,LEEBEY,samjcharles
1168,LEEBEY,lawcrimenews
1169,LEEBEY,cljmitchell
1170,LEEBEY,anacaprana
1171,LEEBEY,RBReich
1172,LEEBEY,kleascott
1173,LEEBEY,CSTeditorials
1174,LEEBEY,Havenlust
1175,LEEBEY,IL_Natl_Guard
1176,LEEBEY,greenreaper
1177,LEEBEY,WuTangClan
1178,LEEBEY,KimFoxxforSA
1179,LEEBEY,GovPritzker
1180,LEEBEY,broadwaychicago
1181,LEEBEY,PalmerReport
1182,LEEBEY,HeatherCherone
1183,LEEBEY,CTULocal1
1184,LEEBEY,rickspringfield
1185,LEEBEY,richardmarx
1186,LEEBEY,Glenn220
1187,LEEBEY,KamalaHarris
1188,LEEBEY,MaiReports
1189,LEEBEY,chicago
1190,LEEBEY,nlnchgo
1191,LEEBEY,Charliemagne
1192,LEEBEY,carolinehurls
1193,LEEBEY,greenfieldjohn
1194,LEEBEY,Ashlee_Rezin
1195,LEEBEY,Tiffboone
1196,LEEBEY,Lyndab08
1197,LEEBEY,SOM_Design
1198,LEEBEY,sarahbrune4
1199,LEEBEY,NarcosNetflix
1200,LEEBEY,uncpressblog
1201,LEEBEY,mdoukmas
1202,LEEBEY,HipHopArch
1203,LEEBEY,annaleighclark
1204,LEEBEY,Boogalooshrimp_
1205,LEEBEY,merwithani
1206,LEEBEY,leilawills_
1207,LEEBEY,vxflores
1208,LEEBEY,McraeLynnette
1209,LEEBEY,BebeNeuwirth
1210,LEEBEY,WorldBizChicago
1211,LEEBEY,99piorg
1212,LEEBEY,MarlenGarcia777
1213,LEEBEY,BrooksScarpa
1214,LEEBEY,MichaelsteinNy
1215,LEEBEY,HugoBalta
1216,LEEBEY,RobertHerguth
1217,LEEBEY,EAlexTheGreat
1218,FairfaxCountyPD,LoudounSheriff
1219,FairfaxCountyPD,GregoryFried412
1220,FairfaxCountyPD,GolfFairfax
1221,FairfaxCountyPD,FairfaxCityPD
1222,FairfaxCountyPD,TwitterSupport
1223,FairfaxCountyPD,TwitterBusiness
1224,FairfaxCountyPD,TwitterMedia
1225,FairfaxCountyPD,ggwash
1226,FairfaxCountyPD,LawrenceKS_PD
1227,FairfaxCountyPD,SanJosePD
1228,FairfaxCountyPD,Chicago_Police
1229,FairfaxCountyPD,RiversidePolice
1230,FairfaxCountyPD,CSPDPIO
1231,FairfaxCountyPD,fortworthpd
1232,FairfaxCountyPD,ColumbusPolice
1233,FairfaxCountyPD,Tucson_Police
1234,FairfaxCountyPD,PhoenixPolice
1235,FairfaxCountyPD,CorpusChristiPD
1236,FairfaxCountyPD,FremontPD
1237,FairfaxCountyPD,SacPolice
1238,FairfaxCountyPD,OmahaPolice
1239,FairfaxCountyPD,SLMPD
1240,FairfaxCountyPD,detroitpolice
1241,FairfaxCountyPD,honolulupolice
1242,FairfaxCountyPD,SFPD
1243,FairfaxCountyPD,TampaPD
1244,FairfaxCountyPD,ArlingtonPD
1245,FairfaxCountyPD,JSOPIO
1246,FairfaxCountyPD,kcpolice
1247,FairfaxCountyPD,PortlandPolice
1248,FairfaxCountyPD,sungazettenews
1249,FairfaxCountyPD,TownofViennaVA
1250,FairfaxCountyPD,WolfTrap_Edu
1251,FairfaxCountyPD,Wolf_Trap
1252,FairfaxCountyPD,SHAREMcLean
1253,FairfaxCountyPD,mcleanvacenter
1254,FairfaxCountyPD,McLeanConnect
1255,FairfaxCountyPD,LortonAction
1256,FairfaxCountyPD,herndonparks
1257,FairfaxCountyPD,HerndonConnect
1258,FairfaxCountyPD,TysonsVA
1259,FairfaxCountyPD,VivaTysonsMag
1260,FairfaxCountyPD,TysonsGalleria
1261,FairfaxCountyPD,ShopTysons
1262,FairfaxCountyPD,tysonspartners
1263,FairfaxCountyPD,FAMILYMagDC
1264,FairfaxCountyPD,WashingtonLife
1265,FairfaxCountyPD,FairfaxVANews
1266,FairfaxCountyPD,VolunteerFFX
1267,FairfaxCountyPD,fairfaxlibrary
1268,FairfaxCountyPD,washingtonian
1269,FairfaxCountyPD,WestFallsChurch
1270,FairfaxCountyPD,FallsChurchTmes
1271,FairfaxCountyPD,fallschurch
1272,FairfaxCountyPD,fcnp
1273,FairfaxCountyPD,FallsChurchGov
1274,FairfaxCountyPD,RestonRCC
1275,FairfaxCountyPD,RestonDotCom
1276,FairfaxCountyPD,Reston_Hospital
1277,FairfaxCountyPD,RestonOnline
1278,FairfaxCountyPD,Reston2020
1279,FairfaxCountyPD,Reston_Station
1280,FairfaxCountyPD,RestonTwnCenter
1281,FairfaxCountyPD,VisitFairfax
1282,FairfaxCountyPD,foha_va
1283,FairfaxCountyPD,thevirginiadog
1284,FairfaxCountyPD,bestfriends
1285,FairfaxCountyPD,K9Magazine
1286,FairfaxCountyPD,AW_magazine
1287,FairfaxCountyPD,WholeDogJournal
1288,FairfaxCountyPD,dogster
1289,FairfaxCountyPD,The_Bark
1290,FairfaxCountyPD,ModernDogMag
1291,FairfaxCountyPD,NOVADogMag
1292,FairfaxCountyPD,VirginiaBiz
1293,FairfaxCountyPD,coastalvamag
1294,FairfaxCountyPD,scottbrodbeck
1295,FairfaxCountyPD,TravelVirginia
1296,FairfaxCountyPD,VisitVirginia
1297,FairfaxCountyPD,VirginiaLiving
1298,FairfaxCountyPD,NorthernVAMag
1299,FairfaxCountyPD,InsideNoVA
1300,FairfaxCountyPD,LAPDHQ
1301,FairfaxCountyPD,ffxpublicworks
1302,FairfaxCountyPD,InovaFFXTrauma1
1303,FairfaxCountyPD,MarkWarner
1304,FairfaxCountyPD,timkaine
1305,FairfaxCountyPD,FairfaxJustin
1306,FairfaxCountyPD,MayorLisaMerkel
1307,FairfaxCountyPD,JeffreyCMcKay
1308,FairfaxCountyPD,AGMarkHerring
1309,FairfaxCountyPD,LGJustinFairfax
1310,FairfaxCountyPD,RalphNortham
1311,FairfaxCountyPD,RepDonBeyer
1312,FairfaxCountyPD,fairfaxHHS
1313,FairfaxCountyPD,ForFairfax
1314,FairfaxCountyPD,FortHuntHerald
1315,FairfaxCountyPD,TysonsReporter
1316,FairfaxCountyPD,route1corridor
1317,FairfaxCountyPD,DrewWilderTV
1318,JennieBaird,Cataline
1319,JennieBaird,JoeBiden
1320,JennieBaird,olivierlefloch
1321,JennieBaird,AndreaFink19
1322,JennieBaird,JasonJedlinski
1323,JennieBaird,JocelynCoaching
1324,JennieBaird,sammiejory
1325,JennieBaird,ilikepictures
1326,JennieBaird,realstephanieho
1327,JennieBaird,rozzy
1328,JennieBaird,tomgara
1329,JennieBaird,anitafhamilton
1330,JennieBaird,niallfirth
1331,JennieBaird,bilalr
1332,JennieBaird,knowknewz
1333,JennieBaird,rebeccamakkai
1334,JennieBaird,ayeletw
1335,JennieBaird,JillOberlander
1336,JennieBaird,mirajacob
1337,JennieBaird,loreleiohs
1338,JennieBaird,CThompsonATL
1339,JennieBaird,AmandaMalia
1340,JennieBaird,declare_co
1341,JennieBaird,MarinaLevine
1342,JennieBaird,AmazonreMARS
1343,JennieBaird,BillPosley
1344,JennieBaird,lmillstein
1345,JennieBaird,rajivpant
1346,JennieBaird,gwchsentinel
1347,JennieBaird,GreenwichCTOFS
1348,JennieBaird,ambermac
1349,JennieBaird,JayRosenzweig
1350,JennieBaird,TalkBoutiqueInc
1351,JennieBaird,meskers4gwich
1352,JennieBaird,CLLAWRENCE
1353,JennieBaird,MandiEvents
1354,JennieBaird,campbellkate
1355,JennieBaird,jannahbabasa
1356,JennieBaird,wib_world
1357,JennieBaird,marriottdwntown
1358,JennieBaird,jodilynnkovitz
1359,JennieBaird,joinmovethedial
1360,JennieBaird,CTHouseDems
1361,JennieBaird,CTSenateDems
1362,JennieBaird,CTDems
1363,JennieBaird,MetroNorth
1364,JennieBaird,Emma4Change
1365,JennieBaird,alwayssaythnks
1366,JennieBaird,Greenwich_Dems
1367,JennieBaird,prnaylor
1368,JennieBaird,GHSPTA
1369,JennieBaird,newworldsbot
1370,JennieBaird,smartnews
1371,JennieBaird,nycwomensmarch
1372,JennieBaird,thelist
1373,JennieBaird,lsjamison
1374,JennieBaird,DougJones
1375,JennieBaird,dadapalooza
1376,JennieBaird,amy_carleton
1377,JennieBaird,marysauer
1378,JennieBaird,CoryTV
1379,JennieBaird,JeffreyBlitz
1380,JennieBaird,janegreenway
1381,JennieBaird,GWCHFreePress
1382,JennieBaird,sweetdefeat
1383,JennieBaird,AndrewWinston
1384,JennieBaird,RaR
1385,JennieBaird,GretchenCarlson
1386,JennieBaird,BBCPolitics
1387,JennieBaird,GdnPolitics
1388,JennieBaird,guardianopinion
1389,JennieBaird,galen_emery
1390,JennieBaird,ndachos
1391,JennieBaird,JillGildeaPCSD
1392,JennieBaird,CatalystSEM
1393,JennieBaird,eccotter
1394,JennieBaird,someecards
1395,JennieBaird,PeterRivera
1396,JennieBaird,julia_strayer
1397,JennieBaird,loebnyc
1398,JennieBaird,GPSDistrict
1399,JennieBaird,kimeves24
1400,JennieBaird,SwiftHolden
1401,JennieBaird,LauraErickson
1402,JennieBaird,TeresaGinsberg
1403,JennieBaird,Tardigradist
1404,JennieBaird,mattfish
1405,JennieBaird,DeanBuono
1406,JennieBaird,aileenlee
1407,JennieBaird,JoyKimMetalios
1408,JennieBaird,idoleffler
1409,JennieBaird,ChrissyLessey
1410,JennieBaird,AyadeLeon
1411,JennieBaird,EstherK
1412,JennieBaird,GreenwichCTPD
1413,JennieBaird,heratylaw
1414,JennieBaird,KenBorsuk1
1415,JennieBaird,TheValerieJune
1416,JennieBaird,FarimaAlavi
1417,JennieBaird,MsMaureenDennis
1418,rosannahkrb,profvrr
1419,rosannahkrb,michaelmina_lab
1420,rosannahkrb,DrNancyM_CDC
1421,rosannahkrb,florian_krammer
1422,rosannahkrb,ashishkjha
1423,rosannahkrb,SueDHellmann
1424,rosannahkrb,BogochIsaac
1425,rosannahkrb,RobertIger
1426,rosannahkrb,arctictony
1427,rosannahkrb,ChelseaClinton
1428,rosannahkrb,MonicaLewinsky
1429,rosannahkrb,zephoria
1430,rosannahkrb,laurahazardowen
1431,rosannahkrb,graceann
1432,rosannahkrb,carlazanoni
1433,rosannahkrb,QuickTake
1434,rosannahkrb,robenkleene
1435,rosannahkrb,rajivpant
1436,rosannahkrb,jordansudy
1437,rosannahkrb,GeraldFSeib
1438,rosannahkrb,TimJHanrahan
1439,rosannahkrb,HillaryClinton
1440,rosannahkrb,Oprah
1441,rosannahkrb,BarackObama
1442,rosannahkrb,astroteller
1443,rosannahkrb,chrislhayes
1444,rosannahkrb,Bencjacobs
1445,rosannahkrb,philizzo
1446,rosannahkrb,RoyWilhelm
1447,rosannahkrb,DeCampBusLines
1448,rosannahkrb,jayrosen_nyu
1449,rosannahkrb,BAG_DocFilm
1450,rosannahkrb,baristanet
1451,rosannahkrb,madepublishers
1452,rosannahkrb,HaileyErin
1453,rosannahkrb,Digiday
1454,rosannahkrb,msh200
1455,rosannahkrb,robdelaney
1456,rosannahkrb,audible_com
1457,rosannahkrb,barbarachai
1458,rosannahkrb,mims
1459,rosannahkrb,Dbernard
1460,rosannahkrb,Peggynoonannyc
1461,rosannahkrb,ComfortablySmug
1462,rosannahkrb,danielas_bot
1463,rosannahkrb,VanneckKatie
1464,rosannahkrb,IvankaTrump
1465,rosannahkrb,emersongreg
1466,rosannahkrb,Caitlyn_Jenner
1467,rosannahkrb,realDonaldTrump
1468,rosannahkrb,LouiseMensch
1469,rosannahkrb,che_douglas
1470,rosannahkrb,jbenton
1471,rosannahkrb,NiemanLab
1472,rosannahkrb,myanrcgarry
1473,rosannahkrb,AmandaWalks
1474,rosannahkrb,himeshp
1475,rosannahkrb,JasonRaznick
1476,rosannahkrb,kdoctor
1477,rosannahkrb,mikemillerwsj
1478,rosannahkrb,almarlatour
1479,rosannahkrb,gerardtbaker
1480,rosannahkrb,Nravitz
1481,rosannahkrb,WilliamLewis
1482,rosannahkrb,dannysullivan
1483,rosannahkrb,ElanaMD
1484,rosannahkrb,stevewoz
1485,rosannahkrb,tim_cook
1486,rosannahkrb,ianrosen
1487,rosannahkrb,fmanjoo
1488,rosannahkrb,jkrim
1489,rosannahkrb,GuyKawasaki
1490,rosannahkrb,garyvee
1491,rosannahkrb,jakeludington
1492,rosannahkrb,lenadunham
1493,rosannahkrb,KellyELeach
1494,rosannahkrb,lieselK
1495,rosannahkrb,murraymatt
1496,rosannahkrb,WSJChandelier
1497,rosannahkrb,marcialarson
1498,rosannahkrb,pplumeri
1499,rosannahkrb,Itjverschuren
1500,rosannahkrb,mfrooney
1501,rosannahkrb,tradav
1502,rosannahkrb,AnnaSedgley
1503,rosannahkrb,meredithlubitz
1504,rosannahkrb,willbergmann
1505,rosannahkrb,priyanallan
1506,rosannahkrb,imranraja75
1507,rosannahkrb,Alisa_redux
1508,rosannahkrb,r2000c
1509,rosannahkrb,babuehler
1510,rosannahkrb,AltafRupani
1511,rosannahkrb,gongzyuu
1512,rosannahkrb,vjchin
1513,rosannahkrb,paulakeve
1514,rosannahkrb,rezaaslan
1515,rosannahkrb,jonathanglick
1516,rosannahkrb,karaswisher
1517,rosannahkrb,WSJspeakeasy
1518,murraymatt,see_kim_see
1519,murraymatt,SirPatStew
1520,murraymatt,mattbemer
1521,murraymatt,DecisionDeskHQ
1522,murraymatt,carolynryan
1523,murraymatt,ECDC_EU
1524,murraymatt,HuXijin_GT
1525,murraymatt,nilslofgren
1526,murraymatt,buzzfeedben
1527,murraymatt,politicalmath
1528,murraymatt,Dhar00Rahul
1529,murraymatt,StevieVanZandt
1530,murraymatt,SteveKornacki
1531,murraymatt,kathleencarrll
1532,murraymatt,khalafroula
1533,murraymatt,ClaremontInst
1534,murraymatt,iyad_elbaghdadi
1535,murraymatt,wesyang
1536,murraymatt,katrosenfield
1537,murraymatt,HGAFilms
1538,murraymatt,shah_parth_
1539,murraymatt,GerardAraud
1540,murraymatt,conorskelding
1541,murraymatt,kittypurrzog
1542,murraymatt,kmanguward
1543,murraymatt,TimAlberta
1544,murraymatt,thedailyshot
1545,murraymatt,kmele
1546,murraymatt,briannajoyt_
1547,murraymatt,Oyin_Adedoyin_
1548,murraymatt,BillCallaman
1549,murraymatt,lewiswake
1550,murraymatt,BadFilmTakes
1551,murraymatt,mckaycoppins
1552,murraymatt,Chris_arnade
1553,murraymatt,samdolnick
1554,murraymatt,mjs_DC
1555,murraymatt,JonHaidt
1556,murraymatt,Yascha_Mounk
1557,murraymatt,jessesingal
1558,murraymatt,sarafischer
1559,murraymatt,TheLloydGrove
1560,murraymatt,seanmdav
1561,murraymatt,lachlan
1562,murraymatt,JoshMankiewicz
1563,murraymatt,tonywendice1954
1564,murraymatt,RandyNewman
1565,murraymatt,crsmith167
1566,murraymatt,UrbanAchievr
1567,murraymatt,alexhuds
1568,murraymatt,mcmoynihan
1569,murraymatt,MattWalshBlog
1570,murraymatt,AbeGreenwald
1571,murraymatt,paulscheer
1572,murraymatt,nathanwpyle
1573,murraymatt,PFTompkins
1574,murraymatt,FrEdwardBeck
1575,murraymatt,SallyBuzbee
1576,murraymatt,DAMendelsohnNYC
1577,murraymatt,McCormickProf
1578,murraymatt,ccpecknold
1579,murraymatt,raju
1580,murraymatt,LukeEpplin
1581,murraymatt,matthewschmitz
1582,murraymatt,patrickhealynyt
1583,murraymatt,mariaressa
1584,murraymatt,AlxThomp
1585,murraymatt,FraserNelson
1586,murraymatt,AOC
1587,murraymatt,jamespoulos
1588,murraymatt,TerryTeachout1
1589,murraymatt,clairlemon
1590,murraymatt,johnlegend
1591,murraymatt,chrissyteigen
1592,murraymatt,minjinlee11
1593,murraymatt,TaylorLorenz
1594,murraymatt,OddPittsburgh
1595,murraymatt,TPCarney
1596,murraymatt,elonmusk
1597,murraymatt,dannysullivan
1598,murraymatt,maddow
1599,murraymatt,petridishes
1600,murraymatt,tedgioia
1601,murraymatt,Revkin
1602,murraymatt,sree
1603,murraymatt,CGrantWSJ
1604,murraymatt,redsteeze
1605,murraymatt,PollsAndVotes
1606,murraymatt,exjon
1607,murraymatt,baseballcrank
1608,murraymatt,nickgillespie
1609,murraymatt,ChuckRossDC
1610,murraymatt,MattiFriedman
1611,murraymatt,ebruenig
1612,murraymatt,trumwill
1613,murraymatt,DJWindows98
1614,murraymatt,niubi
1615,murraymatt,DavidAFrench
1616,murraymatt,AdrienneLaF
1617,murraymatt,continetti
1618,cbadalamente,CurlyJungleJake
1619,cbadalamente,RishiDesaiMD
1620,cbadalamente,MelissaKXLY4
1621,cbadalamente,rducey
1622,cbadalamente,atychen
1623,cbadalamente,NIH
1624,cbadalamente,HHSGov
1625,cbadalamente,CDCDirector
1626,cbadalamente,Surgeon_General
1627,cbadalamente,vivek_murthy
1628,cbadalamente,AP
1629,cbadalamente,chicagotribune
1630,cbadalamente,maggieNYT
1631,cbadalamente,CDCgov
1632,cbadalamente,ClarkGilbert
1633,cbadalamente,jaysmall
1634,cbadalamente,pmdoucette
1635,cbadalamente,BIAAdvisorySvcs
1636,cbadalamente,secondstreet
1637,cbadalamente,LIONPubs
1638,cbadalamente,dreamlocal
1639,cbadalamente,newsalliance
1640,cbadalamente,MikeBlinder
1641,cbadalamente,jeffsonderman
1642,cbadalamente,AmPress
1643,cbadalamente,EWeissmiller
1644,cbadalamente,JoshMoulton
1645,cbadalamente,TimSecondStreet
1646,cbadalamente,MichelleMNovak
1647,cbadalamente,dawnmtbrooks
1648,cbadalamente,WHO
1649,cbadalamente,MackayIM
1650,cbadalamente,DrTomFrieden
1651,cbadalamente,mlipsitch
1652,cbadalamente,DrEricDing
1653,cbadalamente,tracym
1654,cbadalamente,dustinblock
1655,cbadalamente,paperboyphil
1656,cbadalamente,BrookeWarner
1657,cbadalamente,JasonJedlinski
1658,cbadalamente,grahammediagrp
1659,cbadalamente,kd2578
1660,cbadalamente,DeanMarkLodato
1661,cbadalamente,cronkitenews
1662,cbadalamente,campbelljulia
1663,cbadalamente,mattvee24
1664,cbadalamente,goborrell
1665,cbadalamente,guytasaka
1666,cbadalamente,CronkiteNewsLab
1667,cbadalamente,EmLuto
1668,cbadalamente,jdubbtib
1669,cbadalamente,braddennison
1670,cbadalamente,SharonOwensTea
1671,cbadalamente,ChrissyHirsch
1672,cbadalamente,FrancescaDonner
1673,cbadalamente,HeyTimGriggs
1674,cbadalamente,tqote
1675,cbadalamente,HoustonChron
1676,cbadalamente,mikeorren
1677,cbadalamente,lisabishop
1678,cbadalamente,TowCenter
1679,cbadalamente,derrickdecarlo
1680,cbadalamente,mySA
1681,cbadalamente,stephanieslagle
1682,cbadalamente,wbender99
1683,cbadalamente,emilybell
1684,cbadalamente,ksatnews
1685,cbadalamente,billy_penn
1686,cbadalamente,PamLaycock
1687,cbadalamente,JKW9
1688,cbadalamente,nick_weise
1689,cbadalamente,oshy
1690,cbadalamente,ckrewson
1691,cbadalamente,journalismnews
1692,cbadalamente,mjenkins
1693,cbadalamente,tonysnd
1694,cbadalamente,wxyzdetroit
1695,cbadalamente,TheAtlantic
1696,cbadalamente,CapitalGroup
1697,cbadalamente,gatesfoundation
1698,cbadalamente,RockefellerFdn
1699,cbadalamente,FordFoundation
1700,cbadalamente,JournoResource
1701,cbadalamente,macfound
1702,cbadalamente,journtoolbox
1703,cbadalamente,knightfdn
1704,cbadalamente,NiemanReports
1705,cbadalamente,columbiajourn
1706,cbadalamente,spj_tweets
1707,cbadalamente,CJR
1708,cbadalamente,ONA
1709,cbadalamente,jayrosen_nyu
1710,cbadalamente,Poynter
1711,cbadalamente,NiemanLab
1712,cbadalamente,frankwords
1713,cbadalamente,jimbrady
1714,cbadalamente,summitsandberg
1715,cbadalamente,elbtv
1716,cbadalamente,rishad
1717,cbadalamente,jeanhodges
1718,raminbeheshti1,GWijnaldum
1719,raminbeheshti1,andrewrobertso5
1720,raminbeheshti1,rachael_levy
1721,raminbeheshti1,IrwinStelzer
1722,raminbeheshti1,JoeBiden
1723,raminbeheshti1,ben_mckenzie
1724,raminbeheshti1,thebryandavis
1725,raminbeheshti1,aaronvick
1726,raminbeheshti1,StateOfLinkedIn
1727,raminbeheshti1,Karesha
1728,raminbeheshti1,dhh
1729,raminbeheshti1,richardnaz
1730,raminbeheshti1,runasand
1731,raminbeheshti1,MarkRober
1732,raminbeheshti1,NateWatkin
1733,raminbeheshti1,AjitPaiFCC
1734,raminbeheshti1,asharma
1735,raminbeheshti1,benedictevans
1736,raminbeheshti1,jeffawilke
1737,raminbeheshti1,AB84
1738,raminbeheshti1,OldTakesExposed
1739,raminbeheshti1,TravelingAnna
1740,raminbeheshti1,benstokes38
1741,raminbeheshti1,TommyFleetwood1
1742,raminbeheshti1,projectexplorer
1743,raminbeheshti1,PepperellEddie
1744,raminbeheshti1,C_T_Lakshmanan
1745,raminbeheshti1,taherbehbehani
1746,raminbeheshti1,barbmorganfis
1747,raminbeheshti1,tech_mahindra
1748,raminbeheshti1,ericastevens99
1749,raminbeheshti1,JamesMilner
1750,raminbeheshti1,jarrardcole
1751,raminbeheshti1,CrashTestShow
1752,raminbeheshti1,kate_linebaugh
1753,raminbeheshti1,sheilawsj
1754,raminbeheshti1,bulletproofexec
1755,raminbeheshti1,kimlast
1756,raminbeheshti1,alexisohanian
1757,raminbeheshti1,ranimolla
1758,raminbeheshti1,trentaa98
1759,raminbeheshti1,PeterMooreLFC
1760,raminbeheshti1,JamesBlunt
1761,raminbeheshti1,emmacillekens
1762,raminbeheshti1,jorobertsonuk
1763,raminbeheshti1,WSJCustom
1764,raminbeheshti1,kaifulee
1765,raminbeheshti1,alanshearer
1766,raminbeheshti1,dog_feelings
1767,raminbeheshti1,SebastianThrun
1768,raminbeheshti1,rosannahkrb
1769,raminbeheshti1,FeeleyGerard
1770,raminbeheshti1,EmmaTuckerST
1771,raminbeheshti1,cglancey
1772,raminbeheshti1,Raakstar
1773,raminbeheshti1,HowardSchultz
1774,raminbeheshti1,DrewStoneman
1775,raminbeheshti1,Chris_Riley7
1776,raminbeheshti1,wyclef
1777,raminbeheshti1,BillClinton
1778,raminbeheshti1,NevilleSouthall
1779,raminbeheshti1,aliciatillman
1780,raminbeheshti1,missmorenab
1781,raminbeheshti1,srabil
1782,raminbeheshti1,louisestory
1783,raminbeheshti1,ryanfoland
1784,raminbeheshti1,WashPostPR
1785,raminbeheshti1,DonutShorts
1786,raminbeheshti1,thoroldb
1787,raminbeheshti1,SCastellWSJ
1788,raminbeheshti1,AOC
1789,raminbeheshti1,jennybuccos
1790,raminbeheshti1,Sjopinion10
1791,raminbeheshti1,carlazanoni
1792,raminbeheshti1,stephengrocer
1793,raminbeheshti1,ajassy
1794,raminbeheshti1,PeterFuda
1795,raminbeheshti1,HarveyMasonjr
1796,raminbeheshti1,scottlazerson
1797,raminbeheshti1,khosra
1798,raminbeheshti1,Steven_Ballmer
1799,raminbeheshti1,JeffBezos
1800,raminbeheshti1,Jessicalessin
1801,raminbeheshti1,megynkelly
1802,raminbeheshti1,WatkinsHels
1803,raminbeheshti1,ediesinclair13
1804,raminbeheshti1,tchance121
1805,raminbeheshti1,tim
1806,raminbeheshti1,tkbeynon
1807,raminbeheshti1,WSJinsider
1808,raminbeheshti1,elizabday
1809,raminbeheshti1,AMLConsultant
1810,raminbeheshti1,KariByron
1811,raminbeheshti1,XS_11official
1812,raminbeheshti1,milin82
1813,raminbeheshti1,BretHart
1814,raminbeheshti1,sundarpichai
1815,raminbeheshti1,pranav16
1816,raminbeheshti1,_palanik
1817,raminbeheshti1,Peggynoonannyc
1818,rossfadely,DepthFirstLearn
1819,rossfadely,BaiduResearch
1820,rossfadely,fastml
1821,rossfadely,AndrewYNg
1822,rossfadely,ch402
1823,rossfadely,mynameisfiber
1824,rossfadely,clarifai
1825,rossfadely,fastml_extra
1826,rossfadely,fchollet
1827,rossfadely,honnibal
1828,rossfadely,shivon
1829,rossfadely,Smerity
1830,rossfadely,explosion_ai
1831,rossfadely,NandoDF
1832,rossfadely,DeepMind
1833,rossfadely,soumithchintala
1834,rossfadely,OpenAI
1835,rossfadely,jackclarkSF
1836,rossfadely,lawrennd
1837,rossfadely,ryan_p_adams
1838,rossfadely,driainmurray
1839,rossfadely,goodfellow_ian
1840,rossfadely,alex_gude
1841,rossfadely,exoplaneteer
1842,rossfadely,adriancolyer
1843,rossfadely,hugo_larochelle
1844,rossfadely,sedielem
1845,rossfadely,AlecRad
1846,rossfadely,InsightFellows
1847,rossfadely,smith_gk
1848,rossfadely,jproberts00
1849,rossfadely,Sina_Kashuk
1850,rossfadely,ylecun
1851,rossfadely,karpathy
1852,rossfadely,drphilmarshall
1853,rossfadely,davidwhogg
1854,a_zeisler,xkcdComic
1855,a_zeisler,justintlewis
1856,a_zeisler,NYTimesRD
1857,a_zeisler,cli6cli6
1858,a_zeisler,lyazel
1859,a_zeisler,Anthony
1860,a_zeisler,jkeefe
1861,a_zeisler,ndiakopoulos
1862,a_zeisler,jackclarkSF
1863,a_zeisler,FAccTConference
1864,a_zeisler,alicexiang
1865,a_zeisler,GoogleAI
1866,a_zeisler,RichardSocher
1867,a_zeisler,ylecun
1868,a_zeisler,stanfordnlp
1869,a_zeisler,JanelleCShane
1870,a_zeisler,ColumbiaSurgery
1871,a_zeisler,anthonydb
1872,a_zeisler,qtwebb
1873,a_zeisler,dewalt
1874,a_zeisler,katecrawford
1875,a_zeisler,bourreelam
1876,a_zeisler,AINowInstitute
1877,a_zeisler,BoF
1878,a_zeisler,StanfordJourn
1879,a_zeisler,akaneotani
1880,a_zeisler,etharkamal
1881,a_zeisler,WSJmarkets
1882,a_zeisler,JohnWest
1883,a_zeisler,Studio20NYU
1884,a_zeisler,Reductress
1885,a_zeisler,ChavieLieber
1886,a_zeisler,voguebusiness
1887,a_zeisler,samantha_ealy
1888,a_zeisler,mollie_leavitt
1889,a_zeisler,alishalisha
1890,a_zeisler,lauraelizdavis
1891,a_zeisler,Ellevest
1892,a_zeisler,dmitryshishkin
1893,a_zeisler,lestanberry
1894,a_zeisler,SamanthaMVB
1895,a_zeisler,bhavemymoney
1896,a_zeisler,emmacillekens
1897,a_zeisler,MCLaMagna
1898,a_zeisler,JamesFransham
1899,a_zeisler,ShiraOvide
1900,a_zeisler,shaemile
1901,a_zeisler,TheCut
1902,a_zeisler,gilgul
1903,a_zeisler,skgreen
1904,a_zeisler,mettenotabot
1905,a_zeisler,AShendruk
1906,a_zeisler,firstadopter
1907,a_zeisler,lpolgreen
1908,a_zeisler,theindicator
1909,a_zeisler,WritersofColor
1910,a_zeisler,sarahslo
1911,a_zeisler,veltman
1912,a_zeisler,jolshan
1913,a_zeisler,BW
1914,LydiaSerota,patrickhedlund
1915,LydiaSerota,sairakh
1916,LydiaSerota,Jim_Jaworski
1917,LydiaSerota,TweetBrentJones
1918,LydiaSerota,srabil
1919,LydiaSerota,kuriloff
1920,LydiaSerota,inyhwang
1921,LydiaSerota,GRogow
1922,LydiaSerota,WSJShoppingElf
1923,LydiaSerota,jonathanvswan
1924,LydiaSerota,natebecker
1925,LydiaSerota,antontroian
1926,LydiaSerota,JosieCox_London
1927,LydiaSerota,BOTUS
1928,LydiaSerota,jacobbunge
1929,LydiaSerota,GunjanJS
1930,LydiaSerota,Huangplan
1931,LydiaSerota,TomPerrotta
1932,LydiaSerota,nytgraphics
1933,LydiaSerota,Lesdoggg
1934,LydiaSerota,kerrileewalsh
1935,LydiaSerota,kowsmann
1936,LydiaSerota,Schwab4Traders
1937,LydiaSerota,RandyAFrederick
1938,LydiaSerota,bykevinclark
1939,LydiaSerota,DionNissenbaum
1940,LydiaSerota,WhiteHouse
1941,LydiaSerota,ObamaWhiteHouse
1942,LydiaSerota,realDonaldTrump
1943,LydiaSerota,HillaryClinton
1944,LydiaSerota,FLOTUS44
1945,LydiaSerota,FLOTUS
1946,LydiaSerota,POTUS
1947,LydiaSerota,POTUS44
1948,LydiaSerota,BarackObama
1949,LydiaSerota,9_1_WHAT
1950,LydiaSerota,akaneotani
1951,LydiaSerota,davidamichaels
1952,LydiaSerota,jeffsparshott
1953,LydiaSerota,Mike_Cherney
1954,LydiaSerota,brittanyhite
1955,LydiaSerota,macdonaldajm
1956,LydiaSerota,michaelkamon
1957,LydiaSerota,realrobcopeland
1958,LydiaSerota,sydneypadua
1959,LydiaSerota,journofletcher
1960,LydiaSerota,erikholmwsj
1961,LydiaSerota,WHorobin
1962,LydiaSerota,jimwillhite
1963,LydiaSerota,dumav
1964,LydiaSerota,kenbrown12
1965,LydiaSerota,PaulJDavies
1966,LydiaSerota,KristenScholer
1967,LydiaSerota,greg_ip
1968,LydiaSerota,Reddy
1969,LydiaSerota,chris_rexrode
1970,LydiaSerota,TomFairless
1971,LydiaSerota,mariebeaudette
1972,LydiaSerota,jmackin2
1973,LydiaSerota,telisdemos
1974,LydiaSerota,misssaxbys
1975,LydiaSerota,LandersWSJ
1976,LydiaSerota,GZuckerman
1977,LydiaSerota,Birdyword
1978,LydiaSerota,jdlahart
1979,LydiaSerota,bysarahkrouse
1980,LydiaSerota,BenLeubsdorf
1981,LydiaSerota,NationalZoo
1982,LydiaSerota,MattZeitlin
1983,LydiaSerota,jeffbennettfca
1984,LydiaSerota,BenEisen
1985,LydiaSerota,PolyaLesova
1986,LydiaSerota,LisaBeilfuss
1987,LydiaSerota,andrewflowers
1988,LydiaSerota,Lingling_Wei
1989,LydiaSerota,minzengwsj
1990,LydiaSerota,IraIosebashvili
1991,LydiaSerota,jasonzweigwsj
1992,LydiaSerota,Chris_Whittall
1993,LydiaSerota,felixsalmon
1994,LydiaSerota,WSJmarkets
1995,LydiaSerota,NicoleFriedman
1996,LydiaSerota,DanStrumpf
1997,LydiaSerota,cdriebusch
1998,LydiaSerota,saumvaish
1999,LydiaSerota,lesliejosephs
2000,LydiaSerota,chiaraalbanese
2001,LydiaSerota,laurnorman
2002,LydiaSerota,patmcgroarty
2003,LydiaSerota,ReutersBiz
2004,LydiaSerota,TheEconomist
2005,LydiaSerota,BBCWorld
2006,LydiaSerota,qz
2007,LydiaSerota,georgikantchev
2008,LydiaSerota,DJMatthewDalton
2009,LydiaSerota,Isle_of_Olive
2010,LydiaSerota,malas_n
2011,LydiaSerota,sarasmunoz
2012,LydiaSerota,yarotrof
2013,LydiaSerota,RuthBenderWSJ
2014,Lars,gitlab
2015,Lars,natalykogan
2016,Lars,garrytan
2017,Lars,somegoodnews
2018,Lars,COVID19Tracking
2019,Lars,AllymissLove
2020,Lars,annimaniac
2021,Lars,GovernorVA
2022,Lars,bkardon
2023,Lars,LastWeekTonight
2024,Lars,iamjohnoliver
2025,Lars,tparsons
2026,Lars,AlykhanR
2027,Lars,KeithGrossman
2028,Lars,InVisionApp
2029,Lars,RecruiterHunt
2030,Lars,GautamGhosh
2031,Lars,andersoncooper
2032,Lars,Acosta
2033,Lars,maddow
2034,Lars,TalentArmyHQ
2035,Lars,verge
2036,Lars,profgalloway
2037,Lars,HRJazzy
2038,Lars,k8bischHRLaw
2039,Lars,waltmossberg
2040,Lars,satyanadella
2041,Lars,bchesky
2042,Lars,parkerharris
2043,Lars,JeffBezos
2044,Lars,MichaelDell
2045,Lars,sacca
2046,Lars,paulg
2047,Lars,jack
2048,Lars,levie
2049,Lars,Benioff
2050,Lars,jesse_meschuk
2051,Lars,ClarkValberg
2052,Lars,itsjerilynne
2053,Lars,CultivateNZ
2054,Lars,davidfraga
2055,Lars,ariana2525
2056,Lars,twschwa
2057,Lars,TomSandoval1
2058,Lars,thefriley
2059,Lars,prak
2060,Lars,dom_zane
2061,Lars,MoWillems
2062,Lars,chefjoseandres
2063,Lars,ScottGottliebMD
2064,Lars,traciespon
2065,Lars,RaySchneiderLA
2066,Lars,ejschultz3
2067,Lars,JenniferJJacobs
2068,Lars,HelenBranswell
2069,Lars,bvdhaterd
2070,Lars,karlitaliliana
2071,Lars,willsono
2072,Lars,JuliaPrieto
2073,Lars,my_julianna
2074,Lars,BNODesk
2075,Lars,imogenhbaxter
2076,Lars,DEADLINE
2077,Lars,ChuckWendig
2078,Lars,MayorBowser
2079,Lars,SheltonBeth01
2080,Lars,nirkouris
2081,Lars,HeatherDoshay
2082,Lars,awfingerman
2083,Lars,RakiaReynolds
2084,Lars,HeatherMarieNYC
2085,Lars,darrenmurph
2086,Lars,tammysun
2087,Lars,kakape
2088,Lars,jensenharris
2089,Lars,Moore_Darnell
2090,Lars,molliebentley
2091,Lars,rosiefantozzi
2092,Lars,theanthonyware
2093,Lars,ChipCutter
2094,Lars,bethanyel
2095,Lars,jenchristiehr
2096,Lars,JeremyKonyndyk
2097,Lars,DanPriceSeattle
2098,Lars,covidperspectiv
2099,Lars,PeterHotez
2100,Lars,jbillings2013
2101,Lars,SenKamalaHarris
2102,Lars,FSU_Barstool
2103,Lars,JulianCastro
2104,Lars,Noles247
2105,Lars,BernieSanders
2106,Lars,SenWarren
2107,Lars,SenSanders
2108,Lars,AndrewYang
2109,Lars,ewarren
2110,Lars,Candice_MMorgan
2111,Lars,LiquidDeath
2112,Lars,VCComplaints
2113,Lars,asmamk
2114,justegerton,EltonJohnSource
2115,justegerton,TheAcademy
2116,justegerton,taronbr
2117,justegerton,gallarobot
2118,justegerton,akavoices
2119,justegerton,amanda_carmela
2120,justegerton,LindsayMaguire
2121,justegerton,diwkgrayson
2122,justegerton,hollywoodawards
2123,justegerton,Iwtwalls
2124,justegerton,rocketmantm
2125,justegerton,MNDNEWales
2126,justegerton,_branderz
2127,justegerton,finelinegerton
2128,justegerton,hayleyinthe80s
2129,justegerton,dreambig_gohome
2130,justegerton,lydiamoorx
2131,justegerton,buttermilkblaze
2132,justegerton,DEMOOMlN
2133,justegerton,TinyDancer93083
2134,justegerton,WestMnd
2135,justegerton,algernonmulo
2136,justegerton,mttcsey
2137,justegerton,hcneymadden
2138,justegerton,mulaneydavidson
2139,justegerton,cvstnoshadow
2140,justegerton,taronshotpants
2141,justegerton,softeningtaron
2142,justegerton,ZiggyMadden
2143,justegerton,MatildYvette
2144,justegerton,tinymooonstar
2145,justegerton,mcuegerton
2146,justegerton,taronlayouts
2147,justegerton,cheekytaron
2148,justegerton,spoonfuloftaron
2149,justegerton,maddensmile
2150,justegerton,AckermanCHX
2151,justegerton,rocketchalamet
2152,justegerton,nemo_812
2153,justegerton,tinydancerex
2154,justegerton,tpwktaron
2155,justegerton,MairyLeo
2156,justegerton,bluejeanegerton
2157,justegerton,RonWoodward65
2158,justegerton,fatbottomdtaron
2159,justegerton,reg_solo
2160,justegerton,HALSEYWLUV
2161,justegerton,dust_to__dust
2162,justegerton,SallyMcNulty1
2163,justegerton,mashjaja
2164,justegerton,loreleiii___
2165,justegerton,bbmtaron
2166,justegerton,mndassoc
2167,justegerton,mndVIPteam
2168,justegerton,rossellaoharaa
2169,justegerton,80sElton
2170,justegerton,kssramon
2171,justegerton,actualrocketmen
2172,justegerton,eltonsrocket
2173,justegerton,smalltalkshes
2174,justegerton,_tony_yes
2175,justegerton,hcnkycats
2176,justegerton,tomakeyouloveme
2177,justegerton,taronsthighsx
2178,justegerton,badposttaron
2179,justegerton,stuffedmrpickle
2180,justegerton,paadaleski
2181,justegerton,houseofrko
2182,justegerton,hesoftcurlss
2183,justegerton,Rocketman_JP
2184,justegerton,TaronEgerton_jp
2185,justegerton,goldenglobes
2186,justegerton,sepnItura
2187,justegerton,borh70
2188,justegerton,ejaf
2189,justegerton,eltonsplatforms
2190,justegerton,cutextaron
2191,justegerton,diamondstaron
2192,justegerton,richardtaron
2193,justegerton,sevenseasofdyke
2194,justegerton,aWHyDyGSTE9M6Ua
2195,justegerton,bennietiny
2196,justegerton,rocketmanxo
2197,justegerton,aoifekomeara
2198,justegerton,Qmannjdb12
2199,justegerton,poetsilk
2200,justegerton,accioravenclaw
2201,justegerton,darkttknight
2202,justegerton,rocketmantarcn
2203,justegerton,almost_shaq
2204,justegerton,xvperrieres
2205,justegerton,starrytaron
2206,justegerton,yutalivia
2207,justegerton,in_yan1984
2208,justegerton,70sdreamqueen
2209,justegerton,bIoominghes
2210,justegerton,thaigerton
2211,justegerton,nikitakanee
2212,justegerton,adoretaron
2213,justegerton,lwtegerton
